symbol,name,sector,market_cap,earnings_yield,return_on_capital,return_1d,return_1m,return_1y,ey_rank,roc_rank,combined_rank
HPQ,HP Inc.,Technology,26175820000,9.51,113.64,0.54,1.05,21.07,33.5,14.0,47.5
MO,"Altria Group, Inc.",Consumer Defensive,96695820000,8.96,128.85,0.31,-3.45,1.31,44.0,8.0,52.0
BTI,British American Tobacco p.l.c.,Consumer Defensive,91900143950,7.92,122.18,-1.27,-5.68,0.45,63.0,10.0,73.0
DELL,Dell Technologies Inc.,Technology,75838243600,9.21,63.31,4.27,14.77,277.4,39.0,47.0,86.0
NVO,Novo Nordisk A/S,Healthcare,1439095359150,8.73,68.33,-0.39,-20.34,-37.04,48.0,44.0,92.0
ABEV,Ambev S.A.,Consumer Defensive,211277089037,11.18,44.34,1.9,-1.17,33.71,16.5,77.0,93.5
ADBE,Adobe Inc.,Technology,136375380000,6.49,150.25,-1.16,-14.76,-30.62,92.5,7.0,99.5
ACN,Accenture plc,Technology,116224394560,9.19,52.24,-6.0,6.34,-18.11,40.5,62.0,102.5
GSK,GSK plc,Healthcare,73719138723,9.19,50.76,-0.23,-6.68,3.43,40.5,64.0,104.5
EME,"EMCOR Group, Inc.",Industrials,27561751290,6.75,95.33,2.85,7.72,20.77,86.0,20.0,106.0
BUD,Anheuser-Busch InBev SA/NV,Consumer Defensive,127055360000,8.06,62.16,0.48,-7.15,23.23,57.0,49.0,106.0
KDP,Keurig Dr Pepper Inc.,Consumer Defensive,38040381000,6.47,107.63,-0.43,-6.23,19.37,95.5,16.0,111.5
HLN,Haleon plc,Healthcare,33620304450,6.18,124.18,0.8,-11.3,-2.44,106.5,9.0,115.5
ERIC,Telefonaktiebolaget LM Ericsson (publ),Technology,296602344050,12.99,34.69,0.82,-7.42,11.45,10.0,106.0,116.0
INFY,Infosys Limited,Technology,53981258520,8.65,48.67,-2.6,-7.64,-32.47,50.0,68.0,118.0
CMCSA,Comcast Corporation,Communication Services,101808000000,14.88,31.51,-0.67,-19.6,-30.33,5.0,119.0,124.0
PAYX,"Paychex, Inc.",Industrials,36765716000,6.39,82.39,-1.79,-20.13,-20.14,98.0,29.0,127.0
UL,Unilever PLC,Consumer Defensive,121565676960,6.58,69.0,0.16,-7.58,-9.9,88.0,42.0,130.0
INTU,Intuit Inc.,Technology,87235320000,6.47,73.55,-0.63,-18.06,-58.64,95.5,36.0,131.5
AU,AngloGold Ashanti plc,Basic Materials,43313712000,10.5,33.67,0.84,-11.91,32.54,21.5,111.0,132.5
ADP,"Automatic Data Processing, Inc.",Technology,89452124550,6.48,71.23,-2.31,-8.29,-11.58,94.0,41.0,135.0
EXPE,"Expedia Group, Inc.",Consumer Cyclical,35516591530,5.37,1817.31,1.48,-13.48,22.3,134.0,2.0,136.0
JNJ,Johnson & Johnson,Healthcare,504080216000,6.3,73.08,-1.27,-7.21,37.26,101.0,38.0,139.0
WDC,Western Digital Corporation,Technology,185955000000,5.34,189.64,-10.06,-7.32,218.58,135.5,6.0,141.5
NTAP,"NetApp, Inc.",Technology,21415870000,7.83,44.01,6.16,26.29,92.65,64.0,78.0,142.0
GFI,Gold Fields Limited,Basic Materials,39074512578,10.49,31.42,-1.05,-21.16,-15.15,23.0,120.0,143.0
KVUE,Kenvue Inc.,Consumer Defensive,32953230000,5.88,81.22,0.03,-9.96,8.68,114.0,30.0,144.0
EQNR,Equinor ASA,Energy,61272590000,29.65,27.94,0.97,-2.29,73.23,1.0,147.0,148.0
BMY,Bristol-Myers Squibb Company,Healthcare,110091540000,7.63,43.55,-1.15,-10.21,28.09,67.0,81.0,148.0
PG,The Procter & Gamble Company,Consumer Defensive,355235399999,5.59,84.65,0.44,-2.07,-5.61,124.0,26.0,150.0
PDD,PDD Holdings Inc.,Consumer Cyclical,1108249399452,12.83,28.57,-1.63,-8.5,-44.01,11.0,140.0,151.0
RMD,ResMed Inc.,Healthcare,28200305280,7.07,46.3,-0.84,-5.02,-19.04,78.0,74.0,152.0
QCOM,QUALCOMM Incorporated,Technology,181168800000,7.03,46.77,1.94,9.21,11.49,79.5,73.0,152.5
CI,Cigna Corporation,Healthcare,73196868040,9.25,31.94,0.21,-5.06,-7.93,38.0,116.0,154.0
KGC,Kinross Gold Corporation,Basic Materials,34340162560,9.99,30.33,0.33,-20.22,-5.15,29.0,126.0,155.0
CCEP,Coca-Cola Europacific Partners PLC,Consumer Defensive,35200815120,6.2,52.99,0.38,-6.13,12.39,104.0,58.0,162.0
PM,Philip Morris International Inc.,Consumer Defensive,249582400000,5.27,99.08,-0.41,-0.28,16.5,144.5,18.0,162.5
GILD,"Gilead Sciences, Inc.",Healthcare,152688560000,6.36,49.37,-2.24,-3.62,29.73,99.0,65.0,164.0
SNDK,Sandisk Corporation,Technology,256515000000,5.19,109.7,-3.76,10.76,1320.53,150.0,15.0,165.0
NVS,Novartis AG,Healthcare,267323036500,6.02,52.94,-0.4,-13.53,6.65,109.0,59.0,168.0
HCA,"HCA Healthcare, Inc.",Healthcare,107709270600,7.7,35.45,0.64,5.98,0.01,66.0,103.0,169.0
MRK,"Merck & Co., Inc.",Healthcare,263360520000,7.49,37.2,-0.21,-5.36,59.23,70.0,100.0,170.0
ITW,Illinois Tool Works Inc.,Industrials,71988160068,5.32,79.84,0.66,-2.43,1.02,139.0,32.0,171.0
NEM,Newmont Corporation,Basic Materials,110434100000,11.12,24.75,0.46,-7.96,34.03,18.0,160.0,178.0
IQV,IQVIA Holdings Inc.,Healthcare,38747979000,4.38,8285.71,-0.73,-1.91,27.0,184.0,1.0,185.0
BHP,BHP Group Limited,Basic Materials,211524090000,11.18,23.85,0.89,-8.59,53.18,16.5,172.0,188.5
BKNG,Booking Holdings Inc.,Consumer Cyclical,173788573000,4.8,94.1,-0.68,-20.25,-25.62,168.0,22.0,190.0
HON,Honeywell International Inc.,Industrials,65369700000,7.8,29.8,0.18,3.94,3.1,65.0,130.0,195.0
LNG,"Cheniere Energy, Inc.",Energy,42707483000,13.24,20.45,-1.11,-8.95,16.05,8.0,190.0,198.0
ZM,"Zoom Communications, Inc.",Technology,27676418400,9.15,25.53,-1.5,-3.62,13.67,42.0,158.0,200.0
SONY,Sony Group Corporation,Technology,19633006010116,8.46,27.93,1.09,-3.67,-17.38,53.0,148.0,201.0
SLB,Slb N.V.,Energy,56456980000,7.97,28.51,0.5,-15.87,39.37,60.0,141.0,201.0
CRM,"Salesforce, Inc.",Technology,201675500000,4.5,91.27,-0.9,-8.71,-0.48,181.0,23.0,204.0
AZO,"AutoZone, Inc.",Consumer Cyclical,48816062760,5.92,37.87,-0.57,-4.48,-34.02,112.0,95.0,207.0
COR,"Cencora, Inc.",Healthcare,60574564599,4.0,203.06,-0.41,-8.28,-1.05,204.0,5.0,209.0
WSM,"Williams-Sonoma, Inc.",Consumer Cyclical,25993087380,5.5,42.97,-0.6,4.63,18.78,127.0,82.0,209.0
RYAAY,Ryanair Holdings plc,Industrials,26388967144,9.71,22.1,1.31,0.86,-7.06,32.0,179.0,211.0
CQP,"Cheniere Energy Partners, L.P.",Energy,25884320000,9.26,23.78,0.62,-13.82,14.71,37.0,174.0,211.0
AMGN,Amgen Inc.,Healthcare,176092780000,5.29,48.59,-0.94,-8.9,35.16,142.0,69.0,211.0
MSFT,Microsoft Corporation,Technology,2771165580000,5.87,37.44,0.44,3.67,-0.89,115.5,97.0,212.5
SCCO,Southern Copper Corporation,Basic Materials,118831614000,5.87,37.43,2.67,0.14,68.78,115.5,98.0,213.5
MSI,"Motorola Solutions, Inc.",Technology,63707784000,4.25,90.23,0.07,-6.39,-1.88,190.0,24.0,214.0
DEO,Diageo plc,Consumer Defensive,44691280000,8.5,24.45,0.52,-6.89,-12.1,52.0,163.0,215.0
HONA,Honeywell Aerospace Inc,Industrials,63360000000,5.0,53.74,0.23,1.23,,159.0,56.0,215.0
ZTS,Zoetis Inc.,Healthcare,55793998260,5.69,37.84,1.22,-8.18,-52.41,120.0,96.0,216.0
AMX,"América Móvil, S.A.B. de C.V.",Communication Services,1125101130660,10.27,20.44,1.98,-7.6,2.08,26.0,191.0,217.0
PBR,Petróleo Brasileiro S.A. - Petrobras,Energy,76365743025,21.98,16.67,2.53,3.12,70.44,2.0,217.0,219.0
AZN,AstraZeneca PLC,Healthcare,272025000000,4.76,57.84,-0.53,-2.94,-3.5,171.0,51.0,222.0
YUM,"Yum! Brands, Inc.",Consumer Cyclical,42055840000,4.84,53.65,-0.0,-9.64,-10.77,166.0,57.0,223.0
FOXA,Fox Corporation,Communication Services,22480960000,10.26,19.19,1.36,-8.0,0.37,27.0,197.0,224.0
LOW,"Lowe's Companies, Inc.",Consumer Cyclical,149286540000,5.32,41.38,-0.48,-9.17,-26.81,139.0,85.0,224.0
B,Barrick Mining Corporation,Basic Materials,74339850000,10.94,17.63,0.15,-9.0,19.13,19.0,205.0,224.0
AEM,Agnico Eagle Mines Limited,Basic Materials,85102873290,8.16,24.2,1.66,-6.65,7.87,56.0,168.0,224.0
TT,Trane Technologies plc,Industrials,87025120000,4.35,71.8,0.97,5.55,8.93,185.0,40.0,225.0
CL,Colgate-Palmolive Company,Consumer Defensive,63903474000,4.71,56.03,-0.15,-6.33,6.82,173.5,52.0,225.5
FTI,TechnipFMC plc,Energy,18670640000,6.88,28.29,0.22,-13.39,73.54,82.0,144.0,226.0
CNQ,Canadian Natural Resources Limited,Energy,97126065489,12.29,17.06,1.34,-6.52,52.49,13.0,214.0,227.0
WAB,Westinghouse Air Brake Technologies Corporation,Industrials,36393225000,4.42,63.42,-0.01,2.86,44.94,183.0,46.0,229.0
MRVL,"Marvell Technology, Inc.",Technology,67950120000,4.63,54.59,1.93,32.34,225.72,177.0,53.0,230.0
KMB,Kimberly-Clark Corporation,Consumer Defensive,33606459000,6.19,30.43,0.14,-13.56,-23.34,105.0,125.0,230.0
FIX,"Comfort Systems USA, Inc.",Industrials,32990868210,3.97,84.76,3.16,11.43,108.37,205.5,25.0,230.5
HD,"The Home Depot, Inc.",Consumer Cyclical,375473160000,4.78,52.54,0.41,-10.95,-28.56,170.0,61.0,231.0
AME,"AMETEK, Inc.",Industrials,47314100120,3.82,97.61,1.42,8.33,34.78,213.0,19.0,232.0
GEHC,GE HealthCare Technologies Inc.,Healthcare,37443913032,7.47,24.33,0.64,-8.74,-14.73,71.0,165.0,236.0
NTES,"NetEase, Inc.",Technology,614308586557,7.17,24.73,-2.61,-1.68,-21.7,76.0,161.0,237.0
TTE,TotalEnergies SE,Energy,143361453420,14.0,15.52,0.3,-6.05,40.19,7.0,231.0,238.0
LMT,Lockheed Martin Corporation,Industrials,111679403000,5.45,33.71,0.02,-4.88,1.33,129.0,110.0,239.0
TS,Tenaris S.A.,Energy,19986175425,12.69,15.4,0.49,-0.1,51.31,12.0,233.0,245.0
E,Eni S.p.A.,Energy,48836506101,17.45,14.04,0.88,-0.62,56.5,3.0,242.0,245.0
DVN,Devon Energy Corporation,Energy,23003640000,13.06,14.81,0.59,-3.24,34.31,9.0,237.0,246.0
AMAT,"Applied Materials, Inc.",Technology,185989320000,5.13,39.15,1.49,22.52,146.72,155.0,91.0,246.0
EBAY,eBay Inc.,Consumer Cyclical,39282100000,5.7,30.01,0.87,0.11,21.96,118.5,128.0,246.5
HLT,Hilton Worldwide Holdings Inc.,Consumer Cyclical,67791000000,3.37,555.05,1.01,2.29,24.1,245.0,3.0,248.0
SAP,SAP SE,Technology,241059657366,4.47,49.35,-1.75,-1.24,-23.29,182.0,66.0,248.0
EMR,Emerson Electric Co.,Industrials,73828104000,3.86,73.54,1.85,8.4,23.1,211.0,37.0,248.0
PH,Parker-Hannifin Corporation,Industrials,123536556000,3.77,77.66,0.42,2.16,28.43,215.0,33.0,248.0
CSCO,"Cisco Systems, Inc.",Technology,451314010000,3.69,82.93,2.71,2.05,62.48,221.0,28.0,249.0
ILMN,"Illumina, Inc.",Healthcare,20844400000,5.4,31.77,1.64,26.64,164.1,131.0,118.0,249.0
NOC,Northrop Grumman Corporation,Industrials,81825135000,5.9,28.88,-0.24,-8.2,-20.57,113.0,136.0,249.0
TDG,TransDigm Group Incorporated,Industrials,76708764000,4.04,63.07,-1.01,-5.86,-16.5,201.5,48.0,249.5
MPC,Marathon Petroleum Corporation,Energy,49602150000,10.5,15.66,,,,21.5,228.5,250.0
TRI,Thomson Reuters Corporation,Industrials,60175678961,3.43,116.43,,,,240.5,11.0,251.5
GWW,"W.W. Grainger, Inc.",Industrials,48333495000,4.93,39.25,,,,161.5,90.0,251.5
SHW,The Sherwin-Williams Company,Basic Materials,79840992000,4.11,54.55,,,,198.0,54.0,252.0
UI,Ubiquiti Inc.,Technology,32314155300,3.72,75.51,,,,219.5,34.0,253.5
GD,General Dynamics Corporation,Industrials,90864534000,5.51,29.98,,,,126.0,129.0,255.0
SMCI,"Super Micro Computer, Inc.",Technology,17650969980,15.83,13.1,,,,4.0,253.0,257.0
NFLX,"Netflix, Inc.",Communication Services,396531760960,3.36,114.03,,,,246.0,13.0,259.0
MTD,Mettler-Toledo International Inc.,Healthcare,28734519401,3.61,74.75,,,,227.0,35.0,262.0
BIIB,Biogen Inc.,Healthcare,25817733000,7.28,20.78,,,,75.0,188.0,263.0
EOG,"EOG Resources, Inc.",Energy,56624647310,10.64,13.92,,,,20.0,243.5,263.5
MPLX,MPLX Lp,Energy,54384030000,7.58,20.07,,,,69.0,195.0,264.0
KO,The Coca-Cola Company,Consumer Defensive,300822730000,5.23,31.8,,,,147.0,117.0,264.0
ORLY,"O'Reilly Automotive, Inc.",Consumer Cyclical,77662761120,4.04,51.54,,,,201.5,63.0,264.5
SHEL,Shell plc,Energy,216427992000,11.86,13.2,,,,14.0,251.0,265.0
TDY,Teledyne Technologies Incorporated,Technology,24471198000,4.31,43.76,,,,187.5,79.0,266.5
CTAS,Cintas Corporation,Industrials,69379064300,3.64,65.13,,,,225.5,45.0,270.5
MDLZ,"Mondelez International, Inc.",Consumer Defensive,69656020000,3.66,58.24,,,,223.5,50.0,273.5
UNH,UnitedHealth Group Incorporated,Healthcare,300400100000,5.28,29.35,,,,143.0,132.0,275.0
FTNT,"Fortinet, Inc.",Technology,59009571000,4.02,46.25,,,,203.0,75.0,278.0
NVDA,NVIDIA Corporation,Technology,4542222730000,3.12,94.16,,,,257.0,21.0,278.0
SYY,Sysco Corporation,Consumer Defensive,39680552760,5.66,25.59,,,,122.0,157.0,279.0
DAL,"Delta Air Lines, Inc.",Industrials,44971200000,9.05,14.79,,,,43.0,238.0,281.0
EC,Ecopetrol S.A.,Energy,77604475407409,14.48,11.05,,,,6.0,275.0,281.0
ETN,Eaton Corporation plc,Industrials,123645582000,3.87,46.99,,,,210.0,72.0,282.0
COP,ConocoPhillips,Energy,117203651620,10.35,12.63,,,,24.0,260.0,284.0
UPS,"United Parcel Service, Inc.",Industrials,84212310000,7.4,17.18,,,,73.0,211.5,284.5
RIO,Rio Tinto Group,Basic Materials,129968720000,9.51,13.1,,,,33.5,253.0,286.5
AAPL,Apple Inc.,Technology,3818743810000,3.41,68.55,,,,243.5,43.0,286.5
ADSK,"Autodesk, Inc.",Technology,53861310000,2.95,84.5,,,,262.5,27.0,289.5
DHI,"D.R. Horton, Inc.",Consumer Cyclical,52281495000,8.57,14.23,,,,51.0,240.0,291.0
META,"Meta Platforms, Inc.",Communication Services,1664086890000,5.02,29.04,,,,158.0,133.0,291.0
SNY,Sanofi,Healthcare,100669102084,6.0,22.01,,,,110.0,181.0,291.0
NTR,Nutrien Ltd.,Basic Materials,30016596200,8.94,13.78,,,,45.0,247.0,292.0
URI,"United Rentals, Inc.",Industrials,52120208000,5.95,21.97,,,,111.0,182.0,293.0
BKR,Baker Hughes Company,Energy,44993520000,6.4,18.4,,,,97.0,200.0,297.0
SU,Suncor Energy Inc.,Energy,74197710209,9.77,11.41,,,,31.0,266.0,297.0
T,AT&T Inc.,Communication Services,178077960000,10.13,11.36,,,,28.0,269.0,297.0
GOOG,Alphabet Inc.,Communication Services,3802000800000,4.17,34.75,,,,193.0,105.0,298.0
TEL,TE Connectivity plc,Technology,64460880000,4.7,30.93,,,,175.0,123.0,298.0
GRMN,Garmin Ltd.,Technology,39553893170,5.38,24.23,,,,132.5,167.0,299.5
TGT,Target Corporation,Consumer Defensive,47893927000,8.31,13.85,,,,54.0,246.0,300.0
ABBV,AbbVie Inc.,Healthcare,405341260000,2.02,397.07,,,,296.0,4.0,300.0
TSM,Taiwan Semiconductor Manufacturing Company Limited,Technology,49375093288317,4.32,32.22,,,,186.0,115.0,301.0
RACE,Ferrari N.V.,Consumer Cyclical,56087752785,3.66,43.71,,,,223.5,80.0,303.5
ASML,ASML Holding N.V.,Technology,353751723171,3.32,53.89,,,,248.5,55.0,303.5
RTX,RTX Corporation,Industrials,246012760000,3.8,38.99,,,,214.0,92.0,306.0
MMM,3M Company,Industrials,85541429839,5.33,24.12,,,,137.0,169.0,306.0
CMI,Cummins Inc.,Industrials,70391055000,5.67,21.47,,,,121.0,186.0,307.0
TJX,"The TJX Companies, Inc.",Consumer Cyclical,168536250000,4.15,32.72,,,,195.0,113.0,308.0
NVT,nVent Electric plc,Industrials,16559928000,3.47,48.3,,,,239.0,70.0,309.0
IDXX,"IDEXX Laboratories, Inc.",Healthcare,54187346880,2.47,81.19,,,,282.0,31.0,313.0
ELV,Elevance Health Inc.,Healthcare,77751990000,7.99,13.09,,,,59.0,255.0,314.0
PEP,"PepsiCo, Inc.",Consumer Defensive,196596145200,4.79,27.96,,,,169.0,146.0,315.0
APP,AppLovin Corporation,Technology,228277413420,1.81,104.28,,,,299.5,17.0,316.5
JD,"JD.com, Inc.",Consumer Cyclical,285678827070,11.57,7.92,,,,15.0,303.0,318.0
FCX,Freeport-McMoRan Inc.,Basic Materials,73289970000,8.0,12.59,,,,58.0,261.0,319.0
VALE,Vale S.A.,Basic Materials,55622138250,9.37,10.22,,,,35.0,285.0,320.0
VG,"Venture Global, Inc.",Energy,16545320000,9.81,9.85,,,,30.0,290.0,320.0
OKE,"ONEOK, Inc.",Energy,46305000000,7.94,12.72,,,,62.0,258.0,320.0
IBM,International Business Machines Corporation,Technology,276156583000,3.72,35.95,,,,219.5,101.0,320.5
PSX,Phillips 66,Energy,52391272320,8.71,11.15,,,,49.0,273.0,322.0
FAST,Fastenal Company,Industrials,46053188000,3.59,38.3,,,,229.0,93.0,322.0
MDT,Medtronic plc,Healthcare,106799575999,5.16,23.92,,,,151.0,171.0,322.0
AVGO,Broadcom Inc.,Technology,1708335600000,1.48,115.26,,,,311.0,12.0,323.0
ECL,Ecolab Inc.,Basic Materials,74371916000,3.35,44.65,,,,247.0,76.0,323.0
Q,"Qnity Electronics, Inc.",Technology,17103974475,4.85,25.17,,,,164.5,159.0,323.5
REGN,"Regeneron Pharmaceuticals, Inc.",Healthcare,80737602000,6.57,15.1,,,,89.0,235.0,324.0
UNP,Union Pacific Corporation,Industrials,137057100000,6.25,16.38,,,,102.0,222.0,324.0
WAT,Waters Corporation,Healthcare,22603303470,3.43,41.55,,,,240.5,84.0,324.5
LHX,"L3Harris Technologies, Inc.",Industrials,57059552000,3.76,33.95,,,,216.5,108.0,324.5
MNST,Monster Beverage Corporation,Consumer Defensive,74831015160,3.42,42.69,,,,242.0,83.0,325.0
ROST,"Ross Stores, Inc.",Consumer Cyclical,60318035670,4.72,26.82,,,,172.0,153.0,325.0
NXPI,NXP Semiconductors N.V.,Technology,54851713180,4.67,27.48,,,,176.0,150.0,326.0
EPD,Enterprise Products Partners L.P.,Energy,70147280000,7.03,13.22,,,,79.5,249.0,328.5
RCL,Royal Caribbean Cruises Ltd.,Consumer Cyclical,75587320000,5.44,18.42,,,,130.0,199.0,329.0
TEVA,Teva Pharmaceutical Industries Limited,Healthcare,35860290000,4.31,28.48,,,,187.5,142.0,329.5
STX,Seagate Technology Holdings plc,Technology,179615040000,2.19,72.69,,,,291.0,39.0,330.0
LIN,Linde plc,Basic Materials,198803058330,4.16,28.86,,,,194.0,138.0,332.0
TRGP,Targa Resources Corp.,Energy,39667500000,5.85,16.77,,,,117.0,215.0,332.0
XOM,Exxon Mobil Corporation,Energy,518063700000,7.6,11.77,,,,68.0,264.0,332.0
UMC,United Microelectronics Corporation,Technology,614934991440,8.8,10.19,,,,46.0,286.0,332.0
APH,Amphenol Corporation,Technology,164627547999,3.53,35.92,,,,233.0,102.0,335.0
CNI,Canadian National Railway Company,Industrials,84514199966,6.77,13.21,,,,85.0,250.0,335.0
VRT,Vertiv Holdings Co,Industrials,61841190443,2.89,47.15,,,,264.0,71.0,335.0
DIS,The Walt Disney Company,Communication Services,204699880000,5.65,17.1,,,,123.0,213.0,336.0
WDS,Woodside Energy Group Ltd,Energy,29549868800,10.28,6.86,,,,25.0,312.0,337.0
MCD,McDonald's Corporation,Consumer Cyclical,218036442000,4.59,24.59,,,,178.0,162.0,340.0
PFE,Pfizer Inc.,Healthcare,141500699100,4.9,22.07,,,,163.0,180.0,343.0
DXCM,"DexCom, Inc.",Healthcare,25897574000,4.2,26.98,,,,191.0,152.0,343.0
CVE,Cenovus Energy Inc.,Energy,42019480464,8.78,9.13,,,,47.0,297.0,344.0
SYK,Stryker Corporation,Healthcare,134331834000,3.49,33.96,,,,237.5,107.0,344.5
IMO,Imperial Oil Limited,Energy,59664298603,6.78,12.0,,,,84.0,262.0,346.0
BP,BP p.l.c.,Energy,90221489775,9.36,7.19,,,,36.0,310.0,346.0
CLS,Celestica Inc.,Technology,34083833000,3.06,39.48,,,,258.5,89.0,347.5
VZ,Verizon Communications Inc.,Communication Services,172124980000,8.3,9.52,,,,55.0,293.0,348.0
CARR,Carrier Global Corporation,Industrials,44343328000,4.07,27.35,,,,199.0,151.0,350.0
ODFL,"Old Dominion Freight Line, Inc.",Industrials,32910908800,4.13,26.68,,,,196.0,154.0,350.0
BABA,Alibaba Group Holding Limited,Consumer Cyclical,2008501372349,6.64,11.95,,,,87.0,263.0,350.0
VIK,Viking Holdings Ltd,Consumer Cyclical,31670192180,4.55,23.8,,,,179.0,173.0,352.0
